<levels>	
	<level id="1" gap="0" length="1">
		<track weight="1">
			<gap width="320" />	
			<object id="circle1"/>
			<gap width="320" />	
		</track>
    </level>
	<level id="2" gap="0" length="2">
		<track weight="1">
			<object id="marker" />
			<gap width="320" />
			<object id="circle1"/>
			<gap width="320" />	
		</track>    
		<track weight="1">
			<object id="marker" excluded="red,yell"/>
			<gap width="320" />
			<object id="2circle2"/>
			<gap width="320" />	
		</track>
		<track weight="1">
			<object id="marker" />
			<gap width="320" />
			<object id="square1"/>
			<gap width="320" />	
		</track>
    </level>
	<level id="3" gap="0" length="2">
		<track weight="1">
			<object id="marker" excluded="red,yell"/>
			<gap width="320" />
			<object id="2circle3"/>
			<gap width="320" />	
		</track>    
		<track weight="1">
			<object id="marker" />
			<gap width="320" />
			<object id="circle1"/>
			<gap width="320" />	
		</track>
		<track weight="1">
			<object id="marker" />
			<gap width="320" />
			<object id="square1"/>
			<gap width="320" />	
		</track> 
    </level>
	<level id="4" gap="0" length="2">
		<track weight="1">
			<object id="marker" excluded="vi,yell"/>
			<gap width="320" />
			<object id="square2"/>
			<gap width="320" />	
		</track>    
		<track weight="1">
			<object id="marker" excluded="red" />
			<gap width="400" />
			<object id="triangle1" />
			<gap width="400" />
		</track>
    </level>
	<level id="5" gap="0" length="2">
		<track weight="1">
			<object id="marker"/>
			<gap width="320" />
			<object id="s_cross" />
			<gap width="320" />
		</track>    
		<track weight="1">
			<object id="marker"/>
			<gap width="320" />
			<object id="circle1" />
			<gap width="320" />
		</track>
		<track weight="1">
			<object id="marker" excluded="bl,red"/>
			<gap width="320" />
			<object id="hexagon1"/>
			<gap width="320" />	
		</track>
    </level>
	<level id="6" gap="0" length="2">
		<track weight="1">
			<object id="marker" />
			<gap width="320" />
			<object id="line_blocks2"/>
			<gap width="320" />	
		</track>    
		<track weight="1">
			<object id="marker"/>
			<gap width="320" />
			<object id="s_cross" />
			<gap width="320" />
		</track>
    </level>
	<level id="7" gap="0" length="2">
		<track weight="1">
			<object id="marker" excluded="red" />
			<gap width="400" />
			<object id="triangle1" />
			<gap width="400" />
		</track>    
		<track weight="1">
        	<object id="marker" />
			<gap width="320" />
			<object id="circle1"/>
			<gap width="320" />
		</track>
		<track weight="1">
			<object id="marker" />
			<gap width="320" /> <!--was 600-->
			<object id="line4"/>
			<gap width="320" />  	<!--was 600-->
		</track>
    </level>
	<level id="8" gap="0" length="2">
		<track weight="1">
			<object id="marker" />
			<gap width="320" />
			<object id="square1"/>
			<gap width="320" />	
		</track>    
		<track weight="1">
			<object id="marker"  excluded="red,yell"/>
			<gap width="320" />
			<object id="2circle3"/>
			<gap width="320" />	
		</track>
    </level>
	<level id="9" gap="0" length="2">
		<track weight="1">
			<object id="marker" excluded="red" />
			<gap width="400" />
			<object id="triangle1" />
			<gap width="400" />
		</track>    
		<track weight="1">		
			<object id="marker"/>
			<gap width="320" />
			<object id="circle1" />	
			<gap width="320" />
		</track>
    </level>
	<level id="10" gap="0" length="2">
		<track weight="1">
			<object id="marker" />
			<gap width="320" />
			<object id="square1"/>
			<gap width="320" />
		</track>    
		<track weight="1">
			<object id="marker" excluded="red"/>
			<gap width="400" />
			<object id="triangle_blocks1"/>
			<gap width="400" />				
		</track>
    </level>
	<level id="11" gap="0" length="2">
		<track weight="1">
			<object id="marker" excluded="red,yell"/>
			<gap width="320" />
			<object id="2circle2" />
			<gap width="320" />
		</track>    
		<track weight="1">
			<object id="marker"/>
			<gap width="320" />
			<object id="circle1" />
			<gap width="320" />
		</track>
    </level>
	<level id="12" gap="0" length="2">
		<track weight="1">
			<object id="marker"/>
			<gap width="320" />
			<object id="s_cross" />
			<gap width="320" />
		</track>    
		<track weight="1">
        	<object id="marker" />
			<gap width="320" />
			<object id="circle1"/>
			<gap width="320" />
		</track>
		<track weight="1">
			<object id="marker" excluded="yell"/>
			<gap width="320" />
			<object id="sigmoid_dots1"/>
			<gap width="320" />	
		</track>
    </level>
	<level id="13" gap="0" length="2">
		<track weight="1">
			<object id="marker" />
			<gap width="320" />
			<object id="circle1"/>
			<gap width="320" />	
		</track>    
		<track weight="1">	
			<object id="marker" />
			<gap width="320" />					
			<object id="circle1" />	
			<gap width="320" />
		</track>
		<track weight="1">
			<object id="marker" />
			<gap width="400" />  <!--was 600-->
			<object id="line5"/>
			<gap width="400" />
		</track>
    </level>
	<level id="14" gap="0" length="2">
		<track weight="1">
			<object id="marker" />
			<gap width="320" />
			<object id="s_cross" />
			<gap width="320" />
		</track>    
		<track weight="1">
			<object id="marker" />
			<gap width="320" /> <!--was 600-->
			<object id="circle_blocks1"/>
			<gap width="320" />
		</track>
		<track weight="1">
			<object id="marker" excluded="bl,red"/>
			<gap width="320" />
			<object id="circle2"/>
			<gap width="320" />	
		</track>
    </level>
	<level id="15" gap="0" length="2">
		<track weight="1">
			<object id="marker"/>
			<gap width="320" />
			<object id="circle1"/>
			<gap width="320" />
		</track>    
		<track weight="1">
			<object id="marker" excluded="red" />
			<gap width="400" />
			<object id="triangle1" />
			<gap width="400" />
		</track>
		<track weight="1">
			<object id="marker" excluded="red,bl"/>
			<gap width="320" />
			<object id="hexagon3"/>
			<gap width="320" />	
		</track>
    </level>
	<level id="16" gap="0" length="2">
		<track weight="1">
			<object id="marker"/>
			<gap width="320" />
			<object id="s_cross" />
			<gap width="320" />
		</track>    
		<track weight="1">
			<object id="marker" excluded="vi,yell"/>
			<gap width="320" />
			<object id="square2"/>
			<gap width="320" />	
		</track>
    </level>
	<level id="17" gap="0" length="2">
		<track weight="1">
			<object id="marker" />
			<gap width="320" />
			<object id="line_blocks2"/>
			<gap width="320" />	
		</track>    
		<track weight="1">
			<object id="marker"/>
			<gap width="400" /> <!--was 600-->
			<object id="sqdots4"/>
			<gap width="400" />
		</track>
    </level>
	 <level id="18" gap="0" length="2">
		<track weight="1">
			<object id="marker"/>
			<gap width="320" />
			<object id="double_sqdots1"/>
			<gap width="320" />
		</track>    
		
		<track weight="1">
			<object id="marker" excluded="red,bl"/>
			<gap width="320" />
			<object id="double_segment_circle12"/>
			<gap width="320" />
		</track> 
    </level>
	<level id="19" gap="0" length="2">
		<track weight="1">
			<object id="marker" excluded="red,bl"/>
			<gap width="320" />
			<object id="paddle1"/>
			<gap width="320" />
		</track>    
		<track weight="1">
			<object id="marker"/>
			<gap width="320" />
			<object id="square_stars1"/>
			<gap width="320" />	
		</track>
		<track weight="1">
			<object id="marker" />
			<gap width="400" /> <!--was 600-->
			<object id="cutter7"/>
			<gap width="400" />	
		</track>  
    </level>
	<level id="18" gap="0" length="2">
		<track weight="1">
			<object id="marker" excluded="red"/>
			<gap width="320" />
			<object id="single_segment_circle2"/>
			<gap width="320" />
		</track>    
		<track weight="1">
			<object id="marker" excluded="bl,red"/>
			<gap width="320" />
			<object id="circle_to_segment1"/>
			<gap width="320" />	
		</track>
		<track weight="1">
			<object id="marker"/>
			<gap width="400" /> <!--was 600-->
			<object id="circle_blocks2"/>
			<gap width="400" />	
		</track> 
    </level>
	<level id="19" gap="0" length="2">
		<track weight="1">
			<object id="marker" />
			<gap width="320" />
			<object id="circle_dots1"/>
			<gap width="320" />
		</track>    
		<track weight="1">
			<object id="marker"/>
			<gap width="320" />
			<object id="v_line" />
			<gap width="320" />
		</track>
		<track weight="1">
			<object id="marker" />
			<gap width="400" /> <!--was 700 and 800-->
			<object id="blocks_shifting2"/>
			<gap width="400" />
		</track>
    </level>
	<level id="20" gap="0" length="2">
		<track weight="1">
			<object id="marker" excluded="red"  />
			<gap width="400" />
			<object id="triangle1" />		
			<gap width="400" />
		</track>    
		<track weight="1">
			<object id="marker" excluded="red,yell"/>
			<gap width="320" /> <!--was 600-->
			<object id="star_dots1"/>
			<gap width="400" />
		</track>
    </level>
	<level id="21" gap="0" length="2">
		<track weight="1">
			<object id="marker"/>
			<gap width="320" /><!--was 600-->
			<object id="d_cross" />
			<gap width="320" />
		</track>    
		<track weight="1">
			<object id="marker" excluded="bl"/>
			<gap width="320" />
			<object id="segment_circle1"/>
			<gap width="320" />	
		</track>
    </level>
	<level id="22" gap="0" length="2">
		<track weight="1">
			<object id="marker" excluded="bl,vi" />
			<gap width="320" />
        	<object id="double_circle" />
			<gap width="320" />
		</track>    
		<track weight="1">
			<object id="marker" />
			<gap width="320" />
			<object id="rhombus1"/>
			<gap width="320" /> <!--was 600-->
		</track>
		
    </level>
	<level id="23" gap="0" length="2">
		<track weight="1">
			<object id="marker" />
			<gap width="320" /> <!--was 600-->
			<object id="blocks_shifting1"/>
			<gap width="320" /> <!--was 600-->
		</track>    
		
    </level>
	<level id="24" gap="0" length="2">
		<track weight="1">
			<object id="marker" />
			<gap width="320" />
			<object id="square_blocks1"/>
			<gap width="320" />
		</track>    
		<track weight="1">
			<object id="marker" excluded="vi,yell"/>
			<gap width="320" />
			<object id="dots_cross1"/>
			<gap width="320" />
		</track>
		<track weight="1">
			<object id="marker" excluded="vi"/>
			<gap width="320" />
			<object id="sigmoid_dots2"/>
			<gap width="320" />	
		</track>
    </level>
	<level id="25" gap="0" length="2">
		<track weight="1">
			<object id="marker"/>
			<gap width="320" />
			<object id="line3"/>
			<gap width="320" />	
		</track>    
		<track weight="1">
			<object id="marker" excluded="vi"/>
			<gap width="320" />
			<object id="segment_circle3"/>
			<gap width="320" />
		</track>
		<track weight="1">
			<object id="marker" />
			<gap width="700" />
			<object id="blocks_shifting2"/>
			<gap width="800" />
		</track>
		<track weight="1">
			<object id="marker" excluded="bl,red"/>
			<gap width="320" />
			<object id="cube_dots4"/>
			<gap width="320" />	
		</track>
    </level>
	<level id="26" gap="0" length="2">
		<track weight="1">
			<object id="marker" />
			<gap width="320" />
			<object id="cutter1"/>
			<gap width="320" />	
		</track>    
		<track weight="1">
			<object id="marker" excluded="red,yell"/>
			<gap width="600" />
			<object id="star_dots1"/>
			<gap width="700" />
		</track>
    </level>
	<level id="27" gap="0" length="2">
		<track weight="1">
			<object id="marker" excluded="bl"/>
			<gap width="320" />
			<object id="rolling_blocks1"/>
			<gap width="320" />
		</track>    
		<track weight="1">
			<object id="marker"/>
			<gap width="320" />
        	<object id="d_cross" />
			<gap width="320" />
		</track>
    </level>
	<level id="28" gap="0" length="2">
		<track weight="1">
			<object id="marker" />
			<gap width="600" />
			<object id="blocks_shifting1"/>
			<gap width="600" />
		</track>    
		<track weight="1">
			<object id="marker" excluded="yell"/>
			<gap width="320" />
			<object id="segment_circle4"/>
			<gap width="320" />
		</track>
    </level>
	<level id="29" gap="0" length="2">
		<track weight="1">
			<object id="marker"/>
			<gap width="320" />
			<object id="line1" />
			<gap width="320" />
		</track>    
		<track weight="1">
			<object id="marker" excluded="bl,red"/>
			<gap width="320" />
			<object id="dots_cross2"/>
			<gap width="320" />
		</track>
		<track weight="1">
			<object id="marker" excluded="red"/>
			<gap width="400" />
			<object id="triangle_blocks1"/>
			<gap width="400" />				
		</track>
    </level>
	<level id="30" gap="0" length="2">
		<track weight="1">
			<object id="marker" />
			<gap width="600" />
			<object id="circle_blocks1"/>
			<gap width="600" />
		</track>    
		<track weight="1">
			<object id="marker" />
			<gap width="320" />
			<object id="circle_dots1"/>
			<gap width="320" />
		</track>
    </level>
	<level id="31" gap="0" length="2">
		<track weight="1">
			<object id="marker"/>
			<gap width="700" />
			<object id="sqdots_circle2"/>
			<gap width="600" />
		</track>    
		<track weight="1">
			<object id="marker" excluded="bl,vi"/>
			<gap width="600" />
			<object id="double_circle"/>
			<gap width="600" />
		</track>
    </level>
	<level id="32" gap="0" length="2">
		<track weight="1">
			<object id="marker"/>
			<gap width="320" />
        	<object id="sqdots1" />			
			<gap width="320" />
		</track>    
		<track weight="1">
			<object id="marker"/>
			<gap width="600" />
			<object id="v_line2" />
			<gap width="320" />
		</track>
		<track weight="1">
			<object id="marker" excluded="red"/>
			<gap width="320" />
			<object id="square_blocks2"/>
			<gap width="320" />				
		</track>
    </level>
	<level id="33" gap="0" length="2">
		<track weight="1">
			<object id="marker" />
			<gap width="600" />
			<object id="double_circle_dots2"/>
			<gap width="600" />
		</track>    
		<track weight="1">
			<object id="marker" excluded="bl,red"/>
			<gap width="320" />
			<object id="paddle3"/>
			<gap width="320" />	
		</track>
    </level>
	<level id="34" gap="0" length="2">
		<track weight="1">
			<object id="marker" excluded="vi"/>
			<gap width="320" />
			<object id="single_segment_circle3"/>
			<gap width="320" />
		</track>    
		<track weight="1">
			<object id="marker" excluded="yell"/>
			<gap width="600" />
			<object id="double_circle_dots2"/>
			<gap width="600" />
		</track>
		<track weight="1">
			<object id="marker" excluded="bl"/>
			<gap width="320" />
			<object id="sigmoid_dots3"/>
			<gap width="320" />	
		</track>
		<track weight="1">
			<object id="marker" excluded="red" />
			<gap width="400" />
			<object id="triangle1" />
			<gap width="400" />
		</track>
		<track weight="1">
			<object id="marker" excluded="vi,yell"/>
			<gap width="320" />
			<object id="cube_dots1"/>
			<gap width="320" />	
		</track>
    </level>
	<level id="35" gap="0" length="2">
		<track weight="1">
			<object id="marker"/>
			<gap width="320" />
			<object id="star_dots1"/>
			<gap width="600" />
		</track>    
		<track weight="1">
			<object id="marker"/>
			<gap width="320" />				
			<object id="eight"/>
			<gap width="320" />	
		</track>
		<track weight="1">
			<object id="marker" excluded="bl,vi"/>
			<gap width="320" />
			<object id="double_dots_cross1"/>
			<gap width="320" />	
		</track>
		<track weight="1">
			<object id="marker" />
			<gap width="320" />
			<object id="sun1"/>
			<gap width="320" />	
		</track>
    </level>
	<level id="36" gap="0" length="2">
		<track weight="1">
			<object id="marker" />
			<gap width="320" />
			<object id="square_blocks1"/>
			<gap width="320" />
		</track>    
		<track weight="1">
			<object id="marker" />
			<gap width="320" />
			<object id="rhombus1"/>
			<gap width="320" />	
		</track>
		<track weight="1">
			<object id="marker" excluded="bl,red"/>
			<gap width="320" />
			<object id="dots_cross3"/>
			<gap width="320" />	
		</track>
    </level>
	<level id="37" gap="0" length="2">
		<track weight="1">
			<object id="marker"/>
			<gap width="320" />		
			<object id="square1"/>
			<gap width="600" />	
		</track>    
		<track weight="1">
			<object id="marker"/>
			<gap width="320" />	
			<object id="s_cross" />
			<gap width="320" />
		</track>
    </level>
	<level id="38" gap="0" length="2">
		<track weight="1">
			<object id="marker" excluded="red"/>
			<gap width="320" />
			<object id="single_segment_circle2"/>
			<gap width="320" />
		</track>    
		<track weight="1">
			<object id="marker" excluded="red"  />
			<gap width="320" />		
			<object id="v_line" />
			<gap width="320" />
		</track>
		<track weight="1">
			<object id="marker" excluded="yell"/>
			<gap width="320" />
			<object id="rolling_blocks4"/>
			<gap width="320" />	
		</track>
    </level>
	<level id="39" gap="0" length="2">
		<track weight="1">
			<object id="marker" excluded="bl,vi" />
			<gap width="600" />
        	<object id="double_circle" />
			<gap width="600" />
		</track>    
		
		<track weight="1">
			<object id="marker" excluded="vi,yell"/>
			<gap width="320" />
			<object id="dots_cross4"/>
			<gap width="320" />	
		</track>
    </level>
	<level id="40" gap="0" length="2">
		<track weight="1">
			<object id="marker"/>
			<gap width="600" />
			<object id="circle1" />
			<gap width="320" />
		</track>    
		<track weight="1">
			<object id="marker"/>
			<gap width="320" />
			<object id="v_line2" />
			<gap width="320" />
		</track>
		<track weight="1">
			<object id="marker" excluded="red"/>
			<gap width="400" />
			<object id="triangle_blocks1"/>
			<gap width="400" />				
		</track>
    </level>
	<level id="41" gap="0" length="2">
		   
		<track weight="1">
			<object id="marker" excluded="vi,yell"/>
			<gap width="320" />
			<object id="double_segment_circle1"/>
			<gap width="320" />
		</track>
		<track weight="1">
			<object id="marker"/>
			<gap width="600" />
			<object id="circle_blocks2"/>
			<gap width="600" />	
		</track>
		<track weight="1">
			<object id="marker" />
			<gap width="320" />
			<object id="simple_cross_dots2"/>
			<gap width="320" />	
		</track> 
    </level>
	<level id="42" gap="0" length="2">
		<track weight="1">
			<object id="marker" excluded="red,yell"/>
			<gap width="320" />
			<object id="double_segment_circle2"/>
			<gap width="320" />	
		</track>    
		<track weight="1">
			<object id="marker" excluded="red,vi"/>
			<gap width="320" />
			<object id="double_segment_circle3"/>
			<gap width="320" />	
		</track>
		<track weight="1">
			<object id="marker" />
			<gap width="320" />
			<object id="line_dots2"/>
			<gap width="320" />	
		</track>
    </level>
	<level id="43" gap="0" length="2">
		<track weight="1">
			<object id="marker" />
			<gap width="320" />
			<object id="cutter1"/>
			<gap width="320" />	
		</track>    
		<track weight="1">
			<object id="marker" />
			<gap width="320" />
			<object id="octogon1"/>
			<gap width="320" />	
		</track>
		<track weight="1">
			<object id="marker" excluded="bl,red"/>
			<gap width="320" />
			<object id="hexagon2"/>
			<gap width="320" />	
		</track>
    </level>
	<level id="44" gap="0" length="2">
		    
		<track weight="1">
			<object id="marker" />
			<gap width="600" />
			<object id="double_circle_dots2"/>
			<gap width="600" />
		</track>
    </level>
	<level id="45" gap="0" length="2">
		<track weight="1">
			<object id="marker" />
			<gap width="320" />
			<object id="sqdots2"/>
			<gap width="600" />
		</track>    
		<track weight="1">
			<object id="marker" excluded="bl,vi"/>
			<gap width="600" />
        	<object id="double_circle" />
			<gap width="600" />
		</track>
    </level>
	<level id="46" gap="0" length="2">
		<track weight="1">
			<object id="marker" excluded="bl" />
			<gap width="600" />
        	<object id="sqdots1" />
			<gap width="600" />
		</track>    
		<track weight="1">
			<object id="marker" excluded="vi"/>
			<gap width="320" />
			<object id="segment_circle3"/>
			<gap width="320" />
        </track>
    </level>    
	<level id="47" gap="0" length="2">
		   
		
		<track weight="1">
			<object id="marker" />
			<gap width="320" />
			<object id="cutter3"/>
			<gap width="320" />
		</track>
    </level>
	<level id="48" gap="0" length="2">
		<track weight="1">
			<object id="marker" excluded="bl,vi"/>
			<gap width="600" />
			<object id="tripple_cross1"/>
			<gap width="600" />	
		</track>    
		<track weight="1">
			<object id="marker" excluded="bl,red"/>
			<gap width="320" />
			<object id="paddle3"/>
			<gap width="320" />				
		</track>
    </level>
	<level id="49" gap="0" length="2">
		<track weight="1">
			<object id="marker"/>
			<gap width="320" />
			<object id="line3"/>
			<gap width="320" />	
		</track>    
		<track weight="1">
			<object id="marker" excluded="vi"/>
			<gap width="320" />
			<object id="single_segment_circle3"/>
			<gap width="320" />			
		</track>
    </level>
	<level id="50" gap="0" length="2">
		<track weight="1">
			<object id="marker" excluded="bl,red"/>
			<gap width="320" />
			<object id="circle_to_segment1"/>
			<gap width="320" />
		</track>    
		<track weight="1">
			<object id="marker" />
			<gap width="320" />
			<object id="square_blocks1"/>
			<gap width="320" />				
		</track>
    </level>
	<level id="51" gap="0" length="2">
		<track weight="1">
			<object id="marker"/>
			<gap width="700" />
			<object id="blocks_shifting2"/>
			<gap width="800" />
		</track>    
		<track weight="1">
			<object id="marker"/>
			<gap width="700" />
			<object id="sqdots_circle2" />
			<gap width="600" />			
		</track>
		<track weight="1">
			<object id="marker" excluded="red,bl"/>
			<gap width="320" />
			<object id="hexagon3"/>
			<gap width="320" />	
		</track>
    </level>
	<level id="52" gap="0" length="2">
		<track weight="1">
			<object id="marker"/>
			<gap width="320" />
			<object id="v_line2" />
			<gap width="320" />
		</track>    
		<track weight="1">
			<object id="marker" excluded="bl,vi"/>
			<gap width="600" />
			<object id="double_circle"/>
			<gap width="600" />			
		</track>
    </level>
	<level id="53" gap="0" length="2">
		<track weight="1">
			<object id="marker"/>
			<gap width="320" />	
			<object id="d_cross" />
			<gap width="320" />
		</track>    
		<track weight="1">
			<object id="marker" excluded="bl"/>
			<gap width="320" />
			<object id="segment_circle1"/>
			<gap width="320" />				
		</track>
    </level>
	<level id="54" gap="0" length="2">
		<track weight="1">
			<object id="marker" />
			<gap width="320" />
			<object id="cutter2"/>
			<gap width="320" />	
		</track>    
		<track weight="1">
			<object id="marker"/>
			<gap width="320" />
			<object id="clutch4"/>
			<gap width="320" />				
		</track>
    </level>
	<level id="55" gap="0" length="2">
		<track weight="1">
			<object id="marker" />
			<gap width="320" />
			<object id="clutch3"/>
			<gap width="320" />	
		</track>    
		<track weight="1">
			<object id="marker" />
			<gap width="320" />
			<object id="clutch2"/>
			<gap width="320" />				
		</track>
    </level>
	<level id="56" gap="0" length="2">
		<track weight="1">
			<object id="marker" />
			<gap width="320" />
			<object id="clutch1"/>
			<gap width="320" />	
		</track>    
		<track weight="1">
			<object id="marker" />
			<gap width="320" />
			<object id="circle_dots1"/>
			<gap width="320" />			
		</track>
		<track weight="1">
			<object id="marker" excluded="yell"/>
			<gap width="320" />
			<object id="double_sigmoid_dots1"/>
			<gap width="320" />	
		</track> 
    </level>
	<level id="57" gap="0" length="2">
		<track weight="1">
			<object id="marker" />
			<gap width="600" />
			<object id="blocks_shifting1"/>
			<gap width="600" />
		</track>    
		<track weight="1">
			<object id="marker" />
			<gap width="320" />
			<object id="sqdots2"/>
			<gap width="600" />			
		</track>
		<track weight="1">
			<object id="marker" />
			<gap width="600" />
			<object id="double_cross_in_circle1"/>
			<gap width="600" />				
		</track>
    </level>
	<level id="58" gap="0" length="2">
		<track weight="1">
			<object id="marker" />
			<gap width="320" />
			<object id="caterpilar" />
			<gap width="320" />
		</track>    
		<track weight="1">
			<object id="marker" excluded="bl,red"/>
			<gap width="320" />
			<object id="paddle3"/>
			<gap width="320" />				
		</track>
    </level>
	<level id="59" gap="0" length="2">
		<track weight="1">
			<object id="marker" excluded="red" />
			<gap width="400" />
			<object id="triangle1" />
			<gap width="400" />
		</track>    
		<track weight="1">
			<object id="marker"  excluded="red,yell"/>
			<gap width="320" />
			<object id="2circle2"/>
			<gap width="320" />				
		</track>
    </level>
	<level id="60" gap="0" length="2">
		<track weight="1">
			<object id="marker" />
			<gap width="320" />
			<object id="eight" />		
			<gap width="320" />
		</track>    
		<track weight="1">
			<object id="marker" excluded="bl"/>
			<gap width="320" />
			<object id="line_blocks1"/>
			<gap width="320" />			
		</track>
    </level>
	<level id="61" gap="0" length="2">
		    
		<track weight="1">
			<object id="marker" excluded="bl,red"/>
			<gap width="320" />
			<object id="dots_cross2"/>
			<gap width="320" />			
		</track>
    </level>
	<level id="62" gap="0" length="2">
		<track weight="1">
			<object id="marker" excluded="red" />
			<gap width="400" />
			<object id="triangle1" />
			<gap width="400" />
		</track>    
		<track weight="1">
			<object id="marker"/>
			<gap width="600" />
			<object id="d_cross" />
			<gap width="320" />			
		</track>
    </level>
	<level id="63" gap="0" length="2">
		<track weight="1">
			<object id="marker"/>
			<gap width="320" />	
			<object id="caterpilar" />
			<gap width="320" />
		</track>    
		<track weight="1">
			<object id="marker"/>
			<gap width="320" />
			<object id="v_line2" />
			<gap width="320" />			
		</track>
    </level>
	<level id="64" gap="0" length="2">
		<track weight="1">
			<object id="marker" />
			<gap width="600" />
			<object id="eight" />		
			<gap width="600" />
		</track>    
		<track weight="1">
			<object id="marker" />
			<gap width="320" />
			<object id="sqdots2"/>
			<gap width="600" />			
		</track>
		<track weight="1">
			<object id="marker" excluded="red"/>
			<gap width="320" />
			<object id="sigmoid_dots4"/>
			<gap width="320" />	
		</track> 
    </level>
	<level id="65" gap="0" length="2">
		    
		<track weight="1">
			<object id="marker" excluded="bl"/>
			<gap width="320" />
			<object id="line_blocks1"/>
			<gap width="320" />			
		</track>
		<track weight="1">
			<object id="marker" excluded="red,yell"/>
			<gap width="320" />
			<object id="2circles5"/>
			<gap width="320" />				
		</track>
		<track weight="1">
			<object id="marker" excluded="bl,red"/>
			<gap width="320" />
			<object id="dots_cross3"/>
			<gap width="320" />	
		</track>
    </level>
	<level id="66" gap="0" length="2">
		<track weight="1">
			<object id="marker" excluded="bl,red"/>
			<gap width="320" />
			<object id="square3"/>
			<gap width="320" />
		</track>    
		<track weight="1">
			<object id="marker" excluded="bl,red"/>
			<gap width="320" />
			<object id="square3"/>
			<gap width="320" />			
		</track>
		<track weight="1">
			<object id="marker" excluded="vi"/>
			<gap width="320" />
			<object id="double_sigmoid_dots2"/>
			<gap width="320" />	
		</track>  
    </level>
	<level id="67" gap="0" length="2">
		<track weight="1">
			<object id="marker"/>
			<gap width="320" />
			<object id="line3"/>
			<gap width="320" />	
		</track>    
		<track weight="1">
			<object id="marker" />
			<gap width="320" />
			<object id="clutch1"/>
			<gap width="320" />				
		</track>
		<track weight="1">
			<object id="marker" />
			<gap width="320" />
			<object id="fountain1"/>
			<gap width="320" />	
		</track>
    </level>
	<level id="68" gap="0" length="2">
		<track weight="1">
			<object id="marker" excluded="red"  />
			<gap width="320" />		
			<object id="v_line" />
			<gap width="320" />
		</track>    
		<track weight="1">
			<object id="marker" excluded="vi,yell"/>
			<gap width="320" />
			<object id="square2"/>
			<gap width="320" />				
		</track>
		<track weight="1">
			<object id="marker" />
			<gap width="320" />
			<object id="sun2"/>
			<gap width="320" />	
		</track>
    </level>
	<level id="69" gap="0" length="2">
		<track weight="1">
			<object id="marker" excluded="vi,yell"/>
			<gap width="320" />
			<object id="square2"/>
			<gap width="320" />	
		</track>    
		<track weight="1">
			<object id="marker" excluded="vi,yell"/>
			<gap width="320" />
			<object id="square2"/>
			<gap width="320" />				
		</track>
    </level>
	<level id="70" gap="0" length="2">
		<track weight="1">
			<object id="marker" />
			<gap width="320" />
			<object id="clutch4"/>
			<gap width="320" />	
		</track>    
		<track weight="1">
			<object id="marker" excluded="bl"/>
			<gap width="320" />
			<object id="segment_circle1"/>
			<gap width="320" />				
		</track>
		<track weight="1">
			<object id="marker" excluded="bl"/>
			<gap width="320" />
			<object id="sigmoid_dots3"/>
			<gap width="320" />	
		</track>
    </level>
	<level id="71" gap="0" length="2">
		<track weight="1">
			<object id="marker"  excluded="red,yell"/>
			<gap width="320" />
			<object id="2circle2"/>
			<gap width="600" />	
		</track>    
		<track weight="1">
			<object id="marker" excluded="red,yell"/>
			<gap width="320" />
			<object id="2circle3"/>
			<gap width="320" />			
		</track>
		<track weight="1">
			<object id="marker" excluded="red"/>
			<gap width="320" />
			<object id="octogon2"/>
			<gap width="320" />				
		</track>
		<track weight="1">
			<object id="marker" />
			<gap width="700" />
			<object id="sun3"/>
			<gap width="700" />	
		</track>
    </level>
	<level id="72" gap="0" length="2">
		<track weight="1">
			<object id="marker"/>
			<gap width="320" />
			<object id="d_cross" />
			<gap width="320" />
		</track>    
		<track weight="1">
			<object id="marker" />
			<gap width="700" />
			<object id="blocks_shifting2"/>
			<gap width="800" />				
		</track>
		<track weight="1">
			<object id="marker" />
			<gap width="320" />
			<object id="line_dots1"/>
			<gap width="320" />	
		</track> 
    </level>
	<level id="73" gap="0" length="2">
		<track weight="1">
			<object id="marker" />
			<gap width="320" />
			<object id="line6"/>
			<gap width="320" />	
		</track>    
		<track weight="1">
			<object id="marker" />
			<gap width="600" />
			<object id="sqdots3"/>
			<gap width="600" />			
		</track>
    </level>
	<level id="74" gap="0" length="2">
		<track weight="1">
			<object id="marker" />
			<gap width="320" />
			<object id="clutch2"/>
			<gap width="320" />
		</track>    
		<track weight="1">
			<object id="marker" />
			<gap width="320" />
			<object id="square_blocks1"/>
			<gap width="320" />	
		</track>
		<track weight="1">
			<object id="marker" excluded="red" />
			<gap width="400" />
			<object id="triangle1" />
			<gap width="400" />
		</track>  
    </level>
	<level id="75" gap="0" length="2">
		<track weight="1">
			<object id="marker" excluded="bl,vi"/>
			<gap width="600" />
			<object id="tripple_cross1"/>
			<gap width="600" />	
		</track>    
		
    </level>
	<level id="76" gap="0" length="2">
		    
		<track weight="1">
			<object id="marker" excluded="bl,red"/>
			<gap width="320" />
			<object id="square3"/>
			<gap width="320" />	
		</track>
		<track weight="1">
			<object id="marker"/>
			<gap width="600" />
			<object id="chaos1"/>
			<gap width="600" />				
		</track>
    </level>
	<level id="77" gap="0" length="2">
		<track weight="1">
			<object id="marker" />
			<gap width="320" />
			<object id="clutch1"/>
			<gap width="320" />	
		</track>    
		
		<track weight="1">
			<object id="marker" excluded="red"/>
			<gap width="320" />
			<object id="square_blocks2"/>
			<gap width="320" />				
		</track>
    </level>
	<level id="78" gap="0" length="2">
		<track weight="1">
			<object id="marker" />
			<gap width="600" />
			<object id="eight" />		
			<gap width="800" />
		</track>    
		<track weight="1">
			<object id="marker" />
			<gap width="600" />
			<object id="s_cross" />
			<gap width="320" />	
		</track>
		<track weight="1">
			<object id="marker" excluded="bl,red"/>
			<gap width="320" />
			<object id="hexagon3"/>
			<gap width="320" />	
		</track>
    </level>
	<level id="79" gap="0" length="2">
		<track weight="1">
			<object id="marker" />
			<gap width="320" />
			<object id="rhombus1"/>
			<gap width="320" />
		</track>    
		<track weight="1">
			<object id="marker" excluded="vi,yell"/>
			<gap width="320" />
			<object id="dots_cross1"/>
			<gap width="320" />		
		</track>
		<track weight="1">
			<object id="marker" excluded="vi"/>
			<gap width="320" />
			<object id="sigmoid_dots2"/>
			<gap width="320" />	
		</track>  
    </level>
	<level id="80" gap="0" length="2">
		<track weight="1">
			<object id="marker" excluded="bl,red"/>
			<gap width="320" />
			<object id="dots_cross2"/>
			<gap width="320" />
		</track>    
		<track weight="1">
			<object id="marker"/>
			<gap width="320" />
			<object id="square_circle" />		
			<gap width="800" />	
		</track>
		<track weight="1">
			<object id="marker"/>
			<gap width="320" />
			<object id="gun1"/>
			<gap width="320" />	
		</track>
    </level>
	<level id="81" gap="0" length="2">
		<track weight="1">
			<object id="marker" />
			<gap width="600" />
			<object id="sqcutters1"/>
			<gap width="600" />	
		</track>    
		<track weight="1">
			<object id="marker" />
			<gap width="600" />
			<object id="blocks_shifting1"/>
			<gap width="600" />	
		</track>
    </level>
	<level id="82" gap="0" length="2">
		<track weight="1">
			<object id="marker" />
			<gap width="600" />
			<object id="sqdots_circle2" />		
			<gap width="800" />
		</track>    
		<track weight="1">
			<object id="marker" />
			<gap width="600" />
			<object id="sqdots1" />			
			<gap width="600" />	
		</track>
    </level>
	<level id="83" gap="0" length="2">
		<track weight="1">
			<object id="marker" />
			<gap width="600" />
			<object id="circle_blocks1"/>
			<gap width="600" />
		</track>    
		<track weight="1">
			<object id="marker"/>
			<gap width="320" />
			<object id="line3"/>
			<gap width="320" />		
		</track>
    </level>
	<level id="84" gap="0" length="2">
		   
		<track weight="1">
			<object id="marker" excluded="bl"/>
			<gap width="320" />
			<object id="line_blocks3"/>
			<gap width="320" />	
		</track>
    </level>
	<level id="85" gap="0" length="2">
		<track weight="1">
			<object id="marker" />
			<gap width="320" />
			<object id="cutter6"/>
			<gap width="700" />	
		</track>    
		
    </level>
	<level id="86" gap="0" length="2">
		<track weight="1">
			<object id="marker" />
			<gap width="600" />
			<object id="double_circle_dots2"/>
			<gap width="600" />
		</track>    
		<track weight="1">
			<object id="marker" />
			<gap width="320" />
			<object id="clutch4"/>
			<gap width="320" />		
		</track>
    </level>
	<level id="87" gap="0" length="2">
		<track weight="1">
			<object id="marker"/>
			<gap width="600" />
			<object id="square_circle" />		
			<gap width="800" />
		</track>    
		<track weight="1">
			<object id="marker" />
			<gap width="600" />
			<object id="sqcutters1"/>
			<gap width="600" />		
		</track>
    </level>
	<level id="88" gap="0" length="2">
		<track weight="1">
			<object id="marker" />
			<gap width="600" />
			<object id="cutter7"/>
			<gap width="600" />	
		</track>    
		<track weight="1">
			<object id="marker" />
			<gap width="600" />
			<object id="sqdots1" />
			<gap width="320" />	
		</track>
    </level>	
	<level id="89" gap="0" length="2">
		<track weight="1">
			<object id="marker" excluded="red"/>
			<gap width="320" />
			<object id="line_blocks4"/>
			<gap width="320" />	
		</track>    
		<track weight="1">
			<object id="marker" excluded="bl"/>
			<gap width="320" />
			<object id="rolling_blocks1"/>
			<gap width="320" />
		</track>
		<track weight="1">
			<object id="marker" excluded="yell"/>
			<gap width="320" />
			<object id="double_sigmoid_dots1"/>
			<gap width="320" />	
		</track> 
    </level>	
	<level id="90" gap="0" length="1">
		<track weight="1">
			<object id="marker" excluded="bl,vi"/>
			<gap width="600" />
			<object id="tripple_cross1"/>
			<gap width="600" />	
		</track>    
		 
		<track weight="1">
			<object id="marker"/>
			<gap width="320" />
			<object id="circle_blocks4"/>
			<gap width="320" />		
		</track>
    </level>	
	<level id="91" gap="0" length="2">
		<track weight="1">
			<object id="marker" excluded="bl,red"/>
			<gap width="320" />
			<object id="square_stars1"/>
			<gap width="320" />	
		</track>    
		<track weight="1">
			<object id="marker" />
			<gap width="320" />
			<object id="clutch1"/>
			<gap width="320" />	
		</track>
    </level>	
	<level id="92" gap="0" length="2">
		<track weight="1">
			<object id="marker" excluded="yell,vi"/>
			<gap width="320" />
			<object id="double_segment_circle4"/>
			<gap width="320" />
		</track>    
		<track weight="1">
			<object id="marker"/>
			<gap width="700" />
			<object id="sqdots_circle2" />
			<gap width="600" />
		</track>
    </level>	
	<level id="93" gap="0" length="2">
		<track weight="1">
			<object id="marker" />
			<gap width="320" />
			<object id="circle_dots1"/>
			<gap width="320" />
		</track>    
		<track weight="1">
			<object id="marker" />
			<gap width="320" />
			<object id="octogon1"/>
			<gap width="320" />	
		</track>
		<track weight="1">
			<object id="marker" excluded="red,yell"/>
			<gap width="320" />
			<object id="2circles5"/>
			<gap width="320" />				
		</track>
    </level>	
	<level id="94" gap="0" length="2">
		<track weight="1">
			<object id="marker" />
			<gap width="320" />
			<object id="rhombus1"/>
			<gap width="320" />
		</track>    
		<track weight="1">
			<object id="marker" excluded="bl,red"/>
			<gap width="320" />
			<object id="hexagon1"/>
			<gap width="320" />	
		</track>
    </level>	
	<level id="95" gap="0" length="2">
		<track weight="1">
			<object id="marker" />
			<gap width="320" />
			<object id="rhombus1"/>
			<gap width="320" />
		</track>    
		<track weight="1">
			<object id="marker" excluded="yell,bl"/>
			<gap width="320" />
			<object id="double_segment_circle5"/>
			<gap width="320" />
		</track>
		<track weight="1">
			<object id="marker" />
			<gap width="600" />
			<object id="double_cross_in_circle1"/>
			<gap width="600" />				
		</track>
		<track weight="1">
			<object id="marker" excluded="vi,yell"/>
			<gap width="320" />
			<object id="dots_cross4"/>
			<gap width="320" />	
		</track>
    </level>	
	<level id="96" gap="0" length="2">
		<track weight="1">
			<object id="marker" excluded="bl"/>
			<gap width="320" />
			<object id="line_blocks3"/>
			<gap width="320" />
		</track>    
		<track weight="1">
			<object id="marker" />
			<gap width="320" />
			<object id="rhombus1"/>
			<gap width="320" />
		</track>
		<track weight="1">
			<object id="marker" excluded="bl,red"/>
			<gap width="320" />
			<object id="square_blocks4"/>
			<gap width="320" />	
		</track>
		<track weight="1">
			<object id="marker" excluded="bl,red"/>
			<gap width="320" />
			<object id="hexagon6"/>
			<gap width="320" />	
		</track> 
    </level>	
	<level id="97" gap="0" length="2">
		<track weight="1">
			<object id="marker" />
			<gap width="320" />
			<object id="line_blocks2"/>
			<gap width="320" />	
		</track>    
		<track weight="1">
			<object id="marker" excluded="vi,yell"/>
			<gap width="320" />
			<object id="sqdots6"/>
			<gap width="320" />
		</track>
		<track weight="1">
			<object id="marker" excluded="red,yell"/>
			<gap width="320" />
			<object id="double_cross2"/>
			<gap width="320" />	
		</track> 
    </level>	
	<level id="98" gap="0" length="2">
		<track weight="1">
			<object id="marker" excluded="bl"/>
			<gap width="320" />
			<object id="single_segment_circle1"/>
			<gap width="320" />	
		</track>    
		<track weight="1">
			<object id="marker" excluded="vi,yell"/>
			<gap width="320" />
			<object id="sqdots6"/>
			<gap width="320" />
		</track>
    </level>	
	<level id="99" gap="0" length="2">
		<track weight="1">
			<object id="marker" excluded="red,yell"/>
			<gap width="320" />
			<object id="2circles4"/>
			<gap width="320" />
		</track>    
		<track weight="1">
			<object id="marker" excluded="red,yell"/>
			<gap width="320" />
			<object id="2circles4"/>
			<gap width="320" />
		</track>
    </level>	
	<level id="100" gap="0" length="2">
		<track weight="1">
			<object id="marker" excluded="red,yell"/>
			<gap width="320" />
			<object id="2circles4"/>
			<gap width="320" />
		</track>    
		<track weight="1">
			<object id="marker" excluded="bl"/>
			<gap width="320" />
			<object id="segment_circle1"/>
			<gap width="320" />	
		</track>
		<track weight="1">
			<object id="marker" excluded="bl,red"/>
			<gap width="320" />
			<object id="square4"/>
			<gap width="320" />	
		</track>
    </level>	
	<level id="101" gap="0" length="2">
		<track weight="1">
			<object id="marker" excluded="red,bl"/>
			<gap width="320" />
			<object id="paddle1"/>
			<gap width="320" />
		</track>    
		<track weight="1">
			<object id="marker" excluded="red"/>
			<gap width="320" />
			<object id="line_blocks4"/>
			<gap width="320" />	
		</track>
    </level>	
	<level id="102" gap="0" length="2">
		<track weight="1">
			<object id="marker"/>
			<gap width="600" />
			<object id="sqdots4"/>
			<gap width="600" />
		</track>    
		<track weight="1">
			<object id="marker"/>
			<gap width="320" />
			<object id="double_sqdots1"/>
			<gap width="320" />
		</track>
    </level>	
	<level id="103" gap="0" length="2">
		<track weight="1">
			<object id="marker" />
			<gap width="320" />
			<object id="line6"/>
			<gap width="320" />	
		</track>    
		<track weight="1">
			<object id="marker" excluded="bl"/>
			<gap width="320" />
			<object id="rolling_blocks1"/>
			<gap width="320" />
		</track>
		<track weight="1">
			<object id="marker"/>
			<gap width="320" />
			<object id="gun2"/>
			<gap width="320" />	
		</track>
		<track weight="1">
			<object id="marker" excluded="bl,red"/>
			<gap width="320" />
			<object id="hexagon5"/>
			<gap width="320" />	
		</track> 
    </level>	
	<level id="104" gap="0" length="2">
		    
		<track weight="1">
			<object id="marker" excluded="bl,red"/>
			<gap width="320" />
			<object id="square3"/>
			<gap width="320" />
		</track>
		<track weight="1">
			<object id="marker" excluded="bl,red"/>
			<gap width="320" />
			<object id="square_blocks4"/>
			<gap width="320" />	
		</track>
		<track weight="1">
			<object id="marker" />
			<gap width="700" />
			<object id="sun3"/>
			<gap width="700" />	
		</track>
    </level>	
	<level id="105" gap="0" length="2">
		<track weight="1">
			<object id="marker" excluded="bl,red"/>
			<gap width="320" />
			<object id="hexagon1"/>
			<gap width="320" />	
		</track>    
		<track weight="1">
			<object id="marker" excluded="vi,bl"/>
			<gap width="320" />
			<object id="double_segment_circle6"/>
			<gap width="320" />
		</track>
		<track weight="1">
			<object id="marker" excluded="red,yell"/>
			<gap width="320" />
			<object id="double_cross2"/>
			<gap width="320" />	
		</track>
		<track weight="1">
			<object id="marker" excluded="vi,yell"/>
			<gap width="320" />
			<object id="cube_dots1"/>
			<gap width="320" />	
		</track>
    </level>	
	<level id="106" gap="0" length="2">
		<track weight="1">
			<object id="marker" excluded="red" />
			<gap width="400" />
			<object id="triangle1" />
			<gap width="400" />
		</track>    
		<track weight="1">
			<object id="marker" excluded="bl,red"/>
			<gap width="320" />
			<object id="circle2"/>
			<gap width="320" />	
		</track>
		<track weight="1">
			<object id="marker" excluded="bl,red"/>
			<gap width="320" />
			<object id="square_blocks3"/>
			<gap width="320" />	
		</track>
    </level>	
	<level id="107" gap="0" length="2">
		<track weight="1">
			<object id="marker" />
			<gap width="320" />
			<object id="caterpilar" />
			<gap width="320" />
		</track>    
		<track weight="1">
			<object id="marker" />
			<gap width="600" />
			<object id="line5"/>
			<gap width="600" />
		</track>
    </level>	
	<level id="108" gap="0" length="2">
		    
		
		<track weight="1">
			<object id="marker"  excluded="vi"/>
			<gap width="600" />
			<object id="hammer1"/>
			<gap width="320" />	
		</track>
		<track weight="1">
			<object id="marker" excluded="bl,red"/>
			<gap width="320" />
			<object id="dots_cross3"/>
			<gap width="320" />	
		</track>
		
    </level>	
	<level id="109" gap="0" length="2">
		<track weight="1">
			<object id="marker" excluded="bl,red"/>
			<gap width="320" />
			<object id="square_stars1"/>
			<gap width="320" />	
		</track>    
		<track weight="1">
			<object id="marker" />
			<gap width="320" />
			<object id="octogon1"/>
			<gap width="320" />	
		</track>
    </level>	
	<level id="110" gap="0" length="2">
		<track weight="1">
			<object id="marker" excluded="vi,yell"/>
			<gap width="320" />
			<object id="sqdots6"/>
			<gap width="320" />
		</track>    
		<track weight="1">
			<object id="marker" excluded="red,bl"/>
			<gap width="320" />
			<object id="double_segment_circle9"/>
			<gap width="320" />	
		</track>
		<track weight="1">
			<object id="marker" excluded="red"/>
			<gap width="400" />
			<object id="triangle_blocks1"/>
			<gap width="400" />				
		</track>
    </level>	
	<level id="111" gap="0" length="2">
		<track weight="1">
			<object id="marker"  excluded="vi,red"/>
			<gap width="320" />
			<object id="double_segment_circle10"/>
			<gap width="320" />	
		</track>    
		<track weight="1">
			<object id="marker" excluded="vi,bl"/>
			<gap width="320" />
			<object id="double_segment_circle11"/>
			<gap width="320" />	
		</track>
		<track weight="1">
			<object id="marker" excluded="bl,red"/>
			<gap width="320" />
			<object id="hexagon2"/>
			<gap width="320" />	
		</track>
		<track weight="1">
			<object id="marker" excluded="bl,vi"/>
			<gap width="320" />
			<object id="double_dots_cross1"/>
			<gap width="320" />	
		</track>
    </level>	
	<level id="112" gap="0" length="2">
		<track weight="1">
			<object id="marker" excluded="red,bl"/>
			<gap width="320" />
			<object id="double_segment_circle12"/>
			<gap width="320" />	
		</track>    
		<track weight="1">
			<object id="marker" />
			<gap width="320" />
			<object id="line6"/>
			<gap width="320" />	
		</track>
		<track weight="1">
			<object id="marker" excluded="vi,yell"/>
			<gap width="320" />
			<object id="double_segment_circle13"/>
			<gap width="320" />	
		</track> 
    </level>	
	<level id="113" gap="0" length="2">
		<track weight="1">
			<object id="marker"/>
			<gap width="320" />	
			<object id="caterpilar" />
			<gap width="320" />
		</track>    
		<track weight="1">
			<object id="marker" excluded="red" />
			<gap width="400" />
			<object id="triangle1" />
			<gap width="400" />
		</track>
		<track weight="1">
			<object id="marker" />
			<gap width="320" />
			<object id="line_dots2"/>
			<gap width="320" />	
		</track>
    </level>	
	<level id="114" gap="0" length="2">
		<track weight="1">
			<object id="marker" excluded="bl,vi"/>
			<gap width="600" />
			<object id="tripple_cross1"/>
			<gap width="600" />	
		</track>    
		<track weight="1">
			<object id="marker"/>
			<gap width="320" />
			<object id="v_line2" />
			<gap width="320" />
		</track>
		<track weight="1">
			<object id="marker" excluded="red"/>
			<gap width="320" />
			<object id="square_blocks2"/>
			<gap width="320" />				
		</track>
    </level>	
	<level id="115" gap="0" length="2">
		<track weight="1">
			<object id="marker" />
			<gap width="600" />
			<object id="double_circle_dots2"/>
			<gap width="600" />
		</track>    
		<track weight="1">
			<object id="marker" excluded="bl,red"/>
			<gap width="320" />
			<object id="circle2"/>
			<gap width="320" />	
		</track>
		<track weight="1">
			<object id="marker" excluded="bl,red"/>
			<gap width="320" />
			<object id="cube_dots2"/>
			<gap width="320" />	
		</track>
    </level>	
	<level id="116" gap="0" length="2">
		   
		<track weight="1">
			<object id="marker" excluded="bl"/>
			<gap width="320" />
			<object id="single_segment_circle1"/>
			<gap width="320" />	
		</track>
		<track weight="1">
			<object id="marker" excluded="bl,red"/>
			<gap width="320" />
			<object id="square4"/>
			<gap width="320" />	
		</track>
    </level>	
	<level id="117" gap="0" length="2">
		<track weight="1">
			<object id="marker" excluded="red,yell"/>
			<gap width="320" />
			<object id="2circle3"/>
			<gap width="320" />
		</track>    
		
		<track weight="1">
			<object id="marker" excluded="bl,red"/>
			<gap width="320" />
			<object id="cube_dots4"/>
			<gap width="320" />	
		</track>
    </level>	
	<level id="118" gap="0" length="2">
		<track weight="1">
			<object id="marker" excluded="vi,yell"/>
			<gap width="320" />
			<object id="dots_cross1"/>
			<gap width="320" />	
		</track>    
		<track weight="1">
			<object id="marker" excluded="vi"/>
			<gap width="320" />
			<object id="line_blocks5"/>
			<gap width="320" />	
		</track>
    </level>	
	<level id="119" gap="0" length="2">
		<track weight="1">
			<object id="marker" excluded="bl,vi"/>
			<gap width="600" />
			<object id="double_circle_dots1"/>
			<gap width="600" />
		</track>    
		<track weight="1">
			<object id="marker" excluded="bl,red"/>
			<gap width="320" />
			<object id="dots_cross2"/>
			<gap width="320" />	
		</track>
		<track weight="1">
			<object id="marker" excluded="bl"/>
			<gap width="320" />
			<object id="double_sigmoid_dots3"/>
			<gap width="320" />	
		</track> 
    </level>	
	<level id="120" gap="0" length="2">
		<track weight="1">
			<object id="marker" />
			<gap width="600" />
			<object id="sqdots3"/>
			<gap width="600" />
		</track>    
		<track weight="1">
			<object id="marker" excluded="red,yell"/>
			<gap width="320" />
			<object id="double_segment_circle7"/>
			<gap width="320" />	
		</track>
		<track weight="1">
			<object id="marker"/>
			<gap width="600" />
			<object id="circle_blocks2"/>
			<gap width="600" />	
		</track> 
		<track weight="1">
			<object id="marker" />
			<gap width="320" />
			<object id="simple_cross_dots1"/>
			<gap width="320" />	
		</track>   
    </level>	
	<level id="121" gap="0" length="2">
		<track weight="1">
			<object id="marker" />
			<gap width="600" />
			<object id="cutter7"/>
			<gap width="600" />	
		</track>    
		<track weight="1">
			<object id="marker" excluded="bl,red"/>
			<gap width="320" />
			<object id="double_segment_square1"/>
			<gap width="320" />	
		</track>
		<track weight="1">
			<object id="marker"/>
			<gap width="320" />
			<object id="gun2"/>
			<gap width="320" />	
		</track>
    </level>	
	<level id="122" gap="0" length="2">
		<track weight="1">
			<object id="marker" excluded="red"/>
			<gap width="320" />
			<object id="rolling_blocks2"/>
			<gap width="320" />	
		</track>    
		<track weight="1">
			<object id="marker" excluded="vi"/>
			<gap width="320" />
			<object id="line_blocks5"/>
			<gap width="320" />			
		</track>
    </level>
	<level id="123" gap="0" length="2">
		<track weight="1">
			<object id="marker" excluded="bl,red"/>
			<gap width="320" />
			<object id="sqdots5"/>
			<gap width="320" />	
		</track>    
		<track weight="1">
			<object id="marker" excluded="bl,red"/>
			<gap width="320" />
			<object id="sqdots5"/>
			<gap width="320" />	
		</track>
		<track weight="1">
			<object id="marker" excluded="red"/>
			<gap width="320" />
			<object id="sigmoid_dots4"/>
			<gap width="320" />	
		</track> 
    </level>	
	<level id="124" gap="0" length="2">
		<track weight="1">
			<object id="marker" excluded="vi"/>
			<gap width="320" />
			<object id="line_blocks5"/>
			<gap width="320" />	
		</track>    
		<track weight="1">
			<object id="marker" excluded="bl,red"/>
			<gap width="320" />
			<object id="sqdots5"/>
			<gap width="320" />	
		</track>
		<track weight="1">
			<object id="marker" />
			<gap width="320" />
			<object id="line8"/>
			<gap width="320" />	
		</track> 
    </level>	
	<level id="125" gap="0" length="2">
		<track weight="1">
			<object id="marker" excluded="bl,red"/>
			<gap width="320" />
			<object id="circle2"/>
			<gap width="320" />	
		</track>    
		<track weight="1">
			<object id="marker" />
			<gap width="320" />
			<object id="cutter5"/>
			<gap width="320" />	
		</track>
		
    </level>	
	<level id="126" gap="0" length="2">
		<track weight="1">
			<object id="marker" excluded="bl,red"/>
			<gap width="320" />
			<object id="hexagon1"/>
			<gap width="320" />	
		</track>    
		<track weight="1">
			<object id="marker" excluded="bl,vi"/>
			<gap width="600" />
			<object id="double_circle" />
			<gap width="600" />
		</track>
		<track weight="1">
			<object id="marker" excluded="vi"/>
			<gap width="320" />
			<object id="double_sigmoid_dots2"/>
			<gap width="320" />	
		</track>
		<track weight="1">
			<object id="marker" />
			<gap width="320" />
			<object id="simple_cross_dots2"/>
			<gap width="320" />	
		</track> 
    </level>	
	<level id="127" gap="0" length="2">
		    
		<track weight="1">
			<object id="marker" />
			<gap width="600" />
			<object id="eight" />		
			<gap width="600" />
		</track>
		<track weight="1">
			<object id="marker" excluded="bl,red"/>
			<gap width="320" />
			<object id="hexagon3"/>
			<gap width="320" />	
		</track>
    </level>	
	<level id="128" gap="0" length="2">
		<track weight="1">
			<object id="marker" />
			<gap width="600" />
			<object id="s_cross" />
			<gap width="320" />
		</track>    
		<track weight="1">
			<object id="marker" excluded="red"/>
			<gap width="320" />
			<object id="segment_circle2"/>
			<gap width="320" />	
		</track>
    </level>	
	<level id="129" gap="0" length="2">
		<track weight="1">
			<object id="marker" />
			<gap width="600" />
			<object id="cutter4"/>
			<gap width="600" />	
		</track>    
		<track weight="1">
			<object id="marker" excluded="red"/>
			<gap width="320" />
			<object id="rolling_blocks2"/>
			<gap width="320" />	
		</track>
		<track weight="1">
			<object id="marker" excluded="red" />
			<gap width="400" />
			<object id="triangle1" />
			<gap width="400" />
		</track>
		<track weight="1">
			<object id="marker" />
			<gap width="320" />
			<object id="line7"/>
			<gap width="320" />	
		</track>
		 
    </level>	
	<level id="130" gap="0" length="2">
		<track weight="1">
			<object id="marker" excluded="vi,yell"/>
			<gap width="320" />
			<object id="sqdots6"/>
			<gap width="320" />
		</track>    
		<track weight="1">
			<object id="marker" excluded="red,yell"/>
			<gap width="320" />
			<object id="2circles4"/>
			<gap width="320" />
		</track>
		<track weight="1">
			<object id="marker" excluded="red"/>
			<gap width="320" />
			<object id="square_blocks2"/>
			<gap width="320" />				
		</track>
		<track weight="1">
			<object id="marker" />
			<gap width="320" />
			<object id="line8"/>
			<gap width="320" />	
		</track> 
    </level>	
	<level id="131" gap="0" length="2">
		<track weight="1">
			<object id="marker" excluded="red,yell"/>
			<gap width="320" />
			<object id="2circles4"/>
			<gap width="320" />
		</track>    
		<track weight="1">
			<object id="marker" excluded="red,yell"/>
			<gap width="320" />
			<object id="2circles4"/>
			<gap width="320" />
		</track> 
		<track weight="1">
			<object id="marker" excluded="red"/>
			<gap width="320" />
			<object id="octogon2"/>
			<gap width="320" />				
		</track>
		<track weight="1">
			<object id="marker" excluded="red"/>
			<gap width="400" />
			<object id="triangle2"/>
			<gap width="400" />	
		</track>
		
		<track weight="1">
			<object id="marker" />
			<gap width="320" />
			<object id="sun1"/>
			<gap width="320" />	
		</track>		
    </level>	
	<level id="132" gap="0" length="2">
		<track weight="1">
			<object id="marker" excluded="bl,red"/>
			<gap width="320" />
			<object id="double_segment_square1"/>
			<gap width="320" />	
		</track>    
		<track weight="1">
			<object id="marker" />
			<gap width="700" />
			<object id="blocks_shifting2"/>
			<gap width="800" />
		</track>		
		<track weight="1">
			<object id="marker" excluded="yell"/>
			<gap width="320" />
			<object id="sigmoid_dots1"/>
			<gap width="320" />	
		</track>
		<track weight="1">
			<object id="marker" />
			<gap width="320" />
			<object id="fountain1"/>
			<gap width="320" />	
		</track>
    </level>	
	<level id="133" gap="0" length="1">
		<track weight="1">
			<object id="marker"/>
			<gap width="320" />
			<object id="v_line2" />		
			<gap width="320" />
		</track>
		 <track weight="1">
			<object id="marker"/>
			<gap width="320" />
			<object id="circle_blocks3"/>
			<gap width="320" />	
			<object id="marker"/>
			<gap width="320" />
			<object id="circle_blocks4"/>
			<gap width="320" />
			<object id="marker"/>
			<gap width="320" />
			<object id="circle_blocks3"/>
			<gap width="320" />	
			<object id="marker"/>
			<gap width="320" />
			<object id="circle_blocks4"/>
			<gap width="320" />				
		</track>  
		<track weight="1">
			<object id="marker" />
			<gap width="600" />
			<object id="star_dots1" />
			<gap width="800" />
		</track>
    </level>	
	<level id="134" gap="0" length="2">
		<track weight="1">
			<object id="marker" />
			<gap width="600" />
			<object id="sqdots_circle2" />		
			<gap width="800" />
		</track>    
		<track weight="1">
			<object id="marker" />
			<gap width="600" />
			<object id="sqdots1" />			
			<gap width="600" />
		</track>
		<track weight="1">
			<object id="marker" />
			<gap width="320" />
			<object id="sun4"/>
			<gap width="320" />	
		</track>
    </level>	
	<level id="135" gap="0" length="2">
		    
		<track weight="1">
			<object id="marker" excluded="vi,yell"/>
			<gap width="320" />
			<object id="sqdots6"/>
			<gap width="320" />
		</track>
		<track weight="1">
			<object id="marker"/>
			<gap width="320" />
			<object id="gun1"/>
			<gap width="320" />	
		</track>
    </level>	
	<level id="136" gap="0" length="2">
		<track weight="1">
			<object id="marker"  excluded="vi,red"/>
			<gap width="320" />
			<object id="double_segment_circle10"/>
			<gap width="320" />	
		</track>    
		<track weight="1">
			<object id="marker" excluded="bl,yell"/>
			<gap width="320" />
			<object id="double_segment_circle8"/>
			<gap width="320" />	
		</track>
		
    </level>	
	<level id="137" gap="0" length="2">
		<track weight="1">
			<object id="marker" />
			<gap width="320" />
			<object id="cutter2"/>
			<gap width="320" />	
		</track>    
		
		<track weight="1">
			<object id="marker" excluded="bl"/>
			<gap width="320" />
			<object id="sigmoid_dots3"/>
			<gap width="320" />	
		</track><track weight="1">
			<object id="marker" excluded="vi"/>
			<gap width="600" />
			<object id="hammer2"/>
			<gap width="600" />	
		</track>
    </level>	
	<level id="138" gap="0" length="2">
		<track weight="1">
			<object id="marker" />
			<gap width="600" />
			<object id="d_cross" />		
			<gap width="800" />
		</track>    
		<track weight="1">
			<object id="marker" excluded="vi"/>
			<gap width="320" />
			<object id="rolling_blocks3"/>
			<gap width="320" />	
		</track>
    </level>	
	<level id="139" gap="0" length="2">
		<track weight="1">
			<object id="marker" excluded="bl,vi"/>
			<gap width="600" />
			<object id="double_circle_dots1"/>
			<gap width="600" />
		</track>    
		<track weight="1">
			<object id="marker" excluded="yell"/>
			<gap width="320" />
			<object id="line_blocks6"/>
			<gap width="320" />	
		</track>
		<track weight="1">
			<object id="marker" />
			<gap width="320" />
			<object id="v_line3"/>
			<gap width="320" />				
		</track>
		<track weight="1">
			<object id="marker" />
			<gap width="320" />
			<object id="line7"/>
			<gap width="320" />	
		</track> 
		<track weight="1">
			<object id="marker" />
			<gap width="320" />
			<object id="octogon3"/>
			<gap width="320" />	
		</track>
    </level>	
	<level id="140" gap="0" length="2">
		<track weight="1">
			<object id="marker" />
			<gap width="600" />
			<object id="s_cross" />
			<gap width="320" />
		</track>    
			
		<track weight="1">
			<object id="marker" excluded="vi"/>
			<gap width="600" />
			<object id="hammer2"/>
			<gap width="600" />	
		</track>
		<track weight="1">
			<object id="marker" />
			<gap width="320" />
			<object id="sun2"/>
			<gap width="320" />	
		</track>
    </level>	
	<level id="141" gap="0" length="2">
		<track weight="1">
			<object id="marker" excluded="red,bl"/>
			<gap width="320" />
			<object id="paddle1"/>
			<gap width="320" />
		</track>    
		<track weight="1">
			<object id="marker"/>
			<gap width="320" />
			<object id="v_line2" />		
			<gap width="320" />
		</track>
		  
		<track weight="1">
			<object id="marker" />
			<gap width="320" />
			<object id="circle_blocks6"/>
			<gap width="320" />	
		</track> 
    </level>	
	<level id="142" gap="0" length="2">
		<track weight="1">
			<object id="marker" />
			<gap width="600" />
			<object id="star_dots1" />
			<gap width="800" />
		</track>    
		<track weight="1">
			<object id="marker" />
			<gap width="320" />
			<object id="s_cross" />		
			<gap width="320" />
		</track>
		<track weight="1">
			<object id="marker" excluded="yell"/>
			<gap width="320" />
			<object id="sigmoid_dots1"/>
			<gap width="320" />	
		</track> 
		<track weight="1">
			<object id="marker" />
			<gap width="320" />
			<object id="simple_cross2"/>
			<gap width="320" />	
		</track>
		<track weight="1">
			<object id="marker" />
			<gap width="320" />
			<object id="line_dots1"/>
			<gap width="320" />	
		</track> 		
    </level>	
	<level id="143" gap="0" length="2">
		<track weight="1">
			<object id="marker" />
			<gap width="600" />
			<object id="sqdots1" />
			<gap width="320" />
		</track>    
		<track weight="1">
			<object id="marker" />
			<gap width="600" />
			<object id="sqdots3"/>
			<gap width="600" />
		</track>
		<track weight="1">
			<object id="marker" excluded="vi,yell"/>
			<gap width="320" />
			<object id="dots_cross4"/>
			<gap width="320" />	
		</track>
    </level>	
	<level id="144" gap="0" length="2">
		<track weight="1">
			<object id="marker" excluded="vi,bl"/>
			<gap width="320" />
			<object id="double_segment_circle11"/>
			<gap width="320" />
		</track>    
		<track weight="1">
			<object id="marker" />
			<gap width="600" />
			<object id="line4"/>
			<gap width="600" />	
		</track>
		
		<track weight="1">
			<object id="marker" />
			<gap width="320" />
			<object id="sun4"/>
			<gap width="320" />	
		</track>
    </level>	
	<level id="145" gap="0" length="2">
		<track weight="1">
			<object id="marker" excluded="bl"/>
			<gap width="320" />
			<object id="segment_circle1"/>
			<gap width="320" />	
		</track>    
		<track weight="1">
			<object id="marker" excluded="vi"/>
			<gap width="320" />
			<object id="rolling_blocks3"/>
			<gap width="320" />	
		</track>
		<track weight="1">
			<object id="marker" excluded="bl,red"/>
			<gap width="320" />
			<object id="square4"/>
			<gap width="320" />	
		</track>
		
		<track weight="1">
			<object id="marker" excluded="vi,yell"/>
			<gap width="320" />
			<object id="cube_dots3"/>
			<gap width="320" />	
		</track> 
    </level>	
	<level id="146" gap="0" length="2">
		<track weight="1">
			<object id="marker" excluded="red"/>
			<gap width="320" />
			<object id="segment_circle2"/>
			<gap width="320" />	
		</track>    
		<track weight="1">
			<object id="marker" excluded="vi"/>
			<gap width="320" />
			<object id="segment_circle3"/>
			<gap width="320" />	
		</track>
		<track weight="1">
			<object id="marker"/>
			<gap width="600" />
			<object id="chaos1"/>
			<gap width="600" />				
		</track>
		
		<track weight="1">
			<object id="marker" />
			<gap width="320" />
			<object id="octogon3"/>
			<gap width="320" />	
		</track>
		<track weight="1">
			<object id="marker" />
			<gap width="320" />
			<object id="sun4"/>
			<gap width="320" />	
		</track>
    </level>	
	<level id="147" gap="0" length="1">
		<track weight="1">
			<object id="marker" excluded="yell"/>
			<gap width="320" />
			<object id="line_blocks6"/>
			<gap width="320" />	
		</track>    
		<track weight="1">
			<object id="marker" excluded="yell"/>
			<gap width="320" />
			<object id="segment_circle4"/>
			<gap width="320" />	
		</track>
		 <track weight="1">
			<object id="marker"/>
			<gap width="320" />
			<object id="circle_blocks3"/>
			<gap width="320" />	
			<object id="marker"/>
			<gap width="320" />
			<object id="circle_blocks4"/>
			<gap width="320" />
			<object id="marker"/>
			<gap width="320" />
			<object id="circle_blocks3"/>
			<gap width="320" />	
			<object id="marker"/>
			<gap width="320" />
			<object id="circle_blocks4"/>
			<gap width="320" />				
		</track>  
    </level>	
	<level id="148" gap="0" length="2">
		<track weight="1">
			<object id="marker" />
			<gap width="320" />
			<object id="cutter3"/>
			<gap width="320" />
		</track>    
		<track weight="1">
			<object id="marker" excluded="yell"/>
			<gap width="320" />
			<object id="rolling_blocks4"/>
			<gap width="320" />	
		</track>
		<track weight="1">
			<object id="marker" excluded="red"/>
			<gap width="320" />
			<object id="double_sigmoid_dots4"/>
			<gap width="320" />	
		</track>  
		<track weight="1">
			<object id="marker" excluded="red"/>
			<gap width="400" />
			<object id="triangle_blocks1"/>
			<gap width="400" />				
		</track>
		<track weight="1">
			<object id="marker" excluded="bl,red"/>
			<gap width="320" />
			<object id="hexagon4"/>
			<gap width="320" />	
		</track> 
    </level>
	<level id="149" gap="0"  length="2">
		<track weight="1">
			<object id="marker"/>
			<gap width="700" />
			<object id="sqdots_circle2" />
			<gap width="600" />
		</track>    
		<track weight="1">
			<object id="marker"/>
			<gap width="320" />
			<object id="eight1" />
			<gap width="320" />
		</track>
		  
		<track weight="1">
			<object id="marker" />
			<gap width="320" />
			<object id="v_line3"/>
			<gap width="320" />				
		</track>
		<track weight="1">
			<object id="marker" />
			<gap width="320" />
			<object id="octogon4"/>
			<gap width="320" />	
		</track>
    </level>
	<level id="150" gap="0"  length="2">
		<track weight="1">
			<object id="marker" />
			<gap width="600" />
			<object id="circle_blocks1"/>
			<gap width="600" />
		</track>    
		<track weight="1">
			<object id="marker" excluded="yell"/>
			<gap width="320" />
			<object id="rolling_blocks4"/>
			<gap width="320" />	
		</track>
		<track weight="1">
			<object id="marker" />
			<gap width="600" />
			<object id="sqcutters1"/>
			<gap width="600" />		
		</track>
		
		
    </level>
	<level id="151" gap="0"  length="2">
		<track weight="1">
			<object id="marker" />
			<gap width="320" />
			<object id="circle_dots1"/>
			<gap width="320" />
		</track>    
		<track weight="1">
			<object id="marker"/>
			<gap width="600" />
			<object id="sqdots4"/>
			<gap width="600" />
		</track>
		<track weight="1">
			<object id="marker" excluded="bl"/>
			<gap width="320" />
			<object id="double_sigmoid_dots3"/>
			<gap width="320" />	
		</track>
		<track weight="1">
			<object id="marker" />
			<gap width="320" />
			<object id="rhombus2"/>
			<gap width="320" />	
		</track>
    </level>
	<level id="152" gap="0"  length="2">
		<track weight="1">
			<object id="marker"/>
			<gap width="320" />
			<object id="eight1" />
			<gap width="320" />
		</track>    
		<track weight="1">
			<object id="marker" excluded="red" />
			<gap width="400" />
			<object id="triangle1" />
			<gap width="400" />
		</track>
		<track weight="1">
			<object id="marker"/>
			<gap width="320" />
			<object id="gun4"/>
			<gap width="320" />	
		</track>
    </level>
	<level id="153" gap="0"  length="2">
		   
		<track weight="1">
			<object id="marker" />
			<gap width="700" />
			<object id="blocks_shifting2"/>
			<gap width="800" />
		</track>
		<track weight="1">
			<object id="marker" />
			<gap width="320" />
			<object id="rhombus2"/>
			<gap width="320" />	
		</track>
		<track weight="1">
			<object id="marker" />
			<gap width="320" />
			<object id="fountain1"/>
			<gap width="320" />	
		</track>
    </level>
	<level id="154" gap="0"  length="2">
		    
		<track weight="1">	
			<object id="marker" excluded="red" />
			<gap width="400" />
			<object id="triangle1" />
			<gap width="400" />
		</track>
		<track weight="1">
			<object id="marker" excluded="bl,red"/>
			<gap width="320" />
			<object id="hexagon5"/>
			<gap width="320" />	
		</track> 
    </level>
	<level id="155" gap="0"  length="2">
		<track weight="1">
			<object id="marker"/>
			<gap width="320" />
			<object id="v_line2" />
			<gap width="320" />
		</track>    
		
		<track weight="1">
			<object id="marker" excluded="red"/>
			<gap width="320" />
			<object id="octogon2"/>
			<gap width="320" />				
		</track>
    </level>
	<level id="156" gap="0"  length="2">
		<track weight="1">
			<object id="marker"/>
			<gap width="600" />
			<object id="sqdots4"/>
			<gap width="600" />
		</track>    
		<track weight="1">
			<object id="marker" />
			<gap width="600" />
			<object id="line4"/>
			<gap width="600" />	
		</track>
		<track weight="1">
			<object id="marker"/>
			<gap width="700" />
			<object id="gun3"/>
			<gap width="700" />	
		</track>
		
    </level>
	<level id="157" gap="0"  length="2">
		    
		<track weight="1">
			<object id="marker" />
			<gap width="320" />
			<object id="clutch3"/>
			<gap width="320" />
		</track>
		<track weight="1">
			<object id="marker" excluded="bl,red"/>
			<gap width="320" />
			<object id="hexagon3"/>
			<gap width="320" />	
		</track>
    </level>
	<level id="158" gap="0"  length="2">
		<track weight="1">
			<object id="marker" />
			<gap width="320" />
			<object id="cutter1"/>
			<gap width="320" />	
		</track>    
		<track weight="1">
			<object id="marker" />
			<gap width="320" />
			<object id="cutter2"/>
			<gap width="320" />
		</track>
    </level>
	<level id="159" gap="0"  length="2">
		<track weight="1">
			<object id="marker" excluded="yell"/>
			<gap width="320" />
			<object id="rolling_blocks4"/>
			<gap width="320" />	
		</track>    
		<track weight="1">
			<object id="marker" />
			<gap width="320" />
			<object id="cutter3"/>
			<gap width="320" />
		</track>
		<track weight="1">
			<object id="marker"/>
			<gap width="600" />
			<object id="circle_blocks2"/>
			<gap width="600" />	
		</track>
		<track weight="1">
			<object id="marker" />
			<gap width="320" />
			<object id="circle_blocks5"/>
			<gap width="320" />	
		</track>
		<track weight="1">
			<object id="marker" />
			<gap width="320" />
			<object id="sun2"/>
			<gap width="320" />	
		</track>
    </level>
	<level id="160" gap="0"  length="2">
		<track weight="1">
			<object id="marker" />
			<gap width="600" />
			<object id="cutter4"/>
			<gap width="600" />	
		</track>    
		<track weight="1">
			<object id="marker" />
			<gap width="320" />
			<object id="cutter5"/>
			<gap width="320" />	
		</track>
		<track weight="1">
			<object id="marker"/>
			<gap width="700" />
			<object id="gun3"/>
			<gap width="700" />	
		</track> 
		
		<track weight="1">
			<object id="marker" excluded="vi,yell"/>
			<gap width="320" />
			<object id="cube_dots1"/>
			<gap width="320" />	
		</track>		
    </level>
	<level id="161" gap="0"  length="2">
		<track weight="1">
			<object id="marker" />
			<gap width="600" />
			<object id="line4"/>
			<gap width="600" />	
		</track>    
		<track weight="1">
			<object id="marker" excluded="red,bl"/>
			<gap width="550" />
			<object id="paddle2"/>
			<gap width="550" />	
		</track>
		<track weight="1">
			<object id="marker" excluded="red,yell"/>
			<gap width="320" />
			<object id="2circles5"/>
			<gap width="320" />				
		</track>
    </level>
	<level id="162" gap="0"  length="2">
		<track weight="1">			
			<object id="marker" excluded="bl,vi"/>
			<gap width="600" />
			<object id="double_circle_dots1"/>
			<gap width="600" />
		</track>    
		<track weight="1">
			<object id="marker" excluded="red,yell"/>
			<gap width="320" />
			<object id="2circle3"/>
			<gap width="320" />
		</track>
		<track weight="1">
			<object id="marker"/>
			<gap width="320" />
			<object id="gun5"/>
			<gap width="320" />	
		</track> 
		
    </level>
	<level id="163" gap="0"  length="2">
		<track weight="1">
			<object id="marker"/>
			<gap width="320" />
			<object id="eight1" />
			<gap width="320" />
		</track>    
		<track weight="1">
			<object id="marker" />
			<gap width="600" />
			<object id="sqdots3"/>
			<gap width="600" />
		</track>
		<track weight="1">
			<object id="marker" excluded="vi"/>
			<gap width="320" />
			<object id="sigmoid_dots2"/>
			<gap width="320" />	
		</track>  
		<track weight="1">
			<object id="marker" excluded="red"/>
			<gap width="400" />
			<object id="triangle_blocks1"/>
			<gap width="400" />				
		</track>
		<track weight="1">
			<object id="marker" />
			<gap width="320" />
			<object id="circle_blocks5"/>
			<gap width="320" />	
		</track>
		<track weight="1">
			<object id="marker" excluded="bl,red"/>
			<gap width="320" />
			<object id="cube_dots4"/>
			<gap width="320" />	
		</track>
		<track weight="1">
			<object id="marker" />
			<gap width="320" />
			<object id="fountain1"/>
			<gap width="320" />	
		</track>
    </level>
	<level id="164" gap="0"  length="2">
		<track weight="1">
			<object id="marker" excluded="red,bl"/>
			<gap width="320" />
			<object id="double_segment_circle12"/>
			<gap width="320" />
		</track>    
		<track weight="1">
			<object id="marker" excluded="bl,red"/>
			<gap width="320" />
			<object id="circle_to_segment1"/>
			<gap width="320" />	
		</track>
		<track weight="1">
			<object id="marker" excluded="bl,red"/>
			<gap width="320" />
			<object id="square_blocks3"/>
			<gap width="320" />	
		</track>
    </level>
	<level id="165" gap="0"  length="2">
		<track weight="1">
			<object id="marker" excluded="bl,red"/>
			<gap width="320" />
			<object id="circle_to_segment1"/>
			<gap width="320" />	
		</track>    
		<track weight="1">
			<object id="marker" excluded="bl,red"/>
			<gap width="320" />
			<object id="circle_to_segment1"/>
			<gap width="320" />	
		</track>
		<track weight="1">
			<object id="marker"/>
			<gap width="320" />
			<object id="circle_blocks4"/>
			<gap width="320" />		
		</track> 
    </level>
	<level id="166" gap="0"  length="2">
		<track weight="1">
			<object id="marker" excluded="vi,yell"/>
			<gap width="320" />
			<object id="sqdots6"/>
			<gap width="320" />
		</track>    
		<track weight="1">
			<object id="marker" />
			<gap width="320" />
			<object id="octogon1"/>
			<gap width="320" />	
		</track>
		<track weight="1">
			<object id="marker"/>
			<gap width="700" />
			<object id="gun6"/>
			<gap width="700" />	
		</track> 
		
    </level>
	<level id="167" gap="0"  length="2">
		<track weight="1">
			<object id="marker" excluded="vi,yell"/>
			<gap width="320" />
			<object id="sqdots6"/>
			<gap width="320" />
		</track>    
		<track weight="1">
			<object id="marker" excluded="vi,yell"/>
			<gap width="320" />
			<object id="sqdots6"/>
			<gap width="320" />
		</track>
		<track weight="1">
			<object id="marker" />
			<gap width="320" />
			<object id="simple_cross2"/>
			<gap width="320" />	
		</track>
		<track weight="1">
			<object id="marker" />
			<gap width="320" />
			<object id="sun5"/>
			<gap width="320" />	
		</track>
	</level>
	<level id="168" gap="0"  length="2">
		<track weight="1">
			<object id="marker" />
			<gap width="320" />
			<object id="cutter5"/>
			<gap width="320" />	
		</track>    
		
		<track weight="1">
			<object id="marker" excluded="red"/>
			<gap width="320" />
			<object id="double_sigmoid_dots4"/>
			<gap width="320" />	
		</track>  
    </level>
	<level id="169" gap="0"  length="2">
		<track weight="1">
			<object id="marker" excluded="red,bl"/>
			<gap width="550" />
			<object id="paddle2"/>
			<gap width="550" />
		</track>    
		<track weight="1">
			<object id="marker" excluded="bl,red"/>
			<gap width="320" />
			<object id="square_stars1"/>
			<gap width="320" />	
		</track>
		<track weight="1">
			<object id="marker" excluded="red"/>
			<gap width="320" />
			<object id="sigmoid_dots4"/>
			<gap width="320" />	
		</track> 
		<track weight="1">
			<object id="marker"  excluded="vi"/>
			<gap width="600" />
			<object id="hammer1"/>
			<gap width="320" />	
		</track> 
		<track weight="1">
			<object id="marker" />
			<gap width="320" />
			<object id="circle_blocks6"/>
			<gap width="320" />	
		</track>
		<track weight="1">
			<object id="marker" excluded="bl,red"/>
			<gap width="320" />
			<object id="cube_dots2"/>
			<gap width="320" />	
		</track>
		<track weight="1">
			<object id="marker" />
			<gap width="320" />
			<object id="line_dots2"/>
			<gap width="320" />	
		</track>
    </level>
	<level id="170" gap="0"  length="2">
		<track weight="1">	
			<object id="marker" excluded="red"/>
			<gap width="320" />
			<object id="segment_circle2"/>
			<gap width="320" />	
		</track>    
		<track weight="1">
			<object id="marker" excluded="yell"/>
			<gap width="320" />
			<object id="single_segment_circle4"/>
			<gap width="320" />			
		</track>
		<track weight="1">
			<object id="marker"/>
			<gap width="700" />
			<object id="gun3"/>
			<gap width="700" />	
		</track>
		<track weight="1">
			<object id="marker" />
			<gap width="320" />
			<object id="sun5"/>
			<gap width="320" />	
		</track>
    </level>
	<level id="171" gap="0" length="1">
		<track weight="1">
			<object id="marker" excluded="bl"/>
			<gap width="320" />
			<object id="single_segment_circle1"/>
			<gap width="320" />	
		</track>
		<track weight="1">
			<object id="marker"/>
			<gap width="600" />
			<object id="chaos1"/>
			<gap width="600" />				
		</track>		
		<track weight="1">
			<object id="marker" excluded="red"/>
			<gap width="320" />
			<object id="single_segment_circle2"/>
			<gap width="320" />
		</track>
		 
		<track weight="1">
			<object id="marker"/>
			<gap width="320" />
			<object id="circle_blocks3"/>
			<gap width="320" />	
			<object id="marker"/>
			<gap width="320" />
			<object id="circle_blocks4"/>
			<gap width="320" />
			<object id="marker"/>
			<gap width="320" />
			<object id="circle_blocks3"/>
			<gap width="320" />	
			<object id="marker"/>
			<gap width="320" />
			<object id="circle_blocks4"/>
			<gap width="320" />				
		</track>  
    </level>
	<level id="172" gap="0"  length="2" >
		<track weight="1">
			<object id="marker" excluded="vi"/>
			<gap width="320" />
			<object id="single_segment_circle3"/>
			<gap width="320" />
		</track>    
		<track weight="1">
			<object id="marker" excluded="yell"/>
			<gap width="320" />
			<object id="single_segment_circle4"/>
			<gap width="320" />
		</track>
		<track weight="1">
			<object id="marker"/>
			<gap width="700" />
			<object id="gun6"/>
			<gap width="700" />	
		</track> 
		<track weight="1">
			<object id="marker" />
			<gap width="320" />
			<object id="simple_cross_dots1"/>
			<gap width="320" />	
		</track>
		<track weight="1">
			<object id="marker" />
			<gap width="320" />
			<object id="sun1"/>
			<gap width="320" />	
		</track>		
    </level>
	<level id="173" gap="0"  length="2">
		<track weight="1">
			<object id="marker" />
			<gap width="320" />
			<object id="cutter2"/>
			<gap width="320" />	
		</track>    
		<track weight="1">
			<object id="marker" />
			<gap width="600" />
			<object id="line5"/>
			<gap width="600" />
		</track>
		 
	</level>
	<level id="174" gap="0" length="2">
		<track weight="1">
			<object id="marker" excluded="red"/>
			<gap width="320" />
			<object id="square_blocks2"/>
			<gap width="320" />				
		</track>
		<track weight="1">
			<object id="marker" excluded="red"/>
			<gap width="320" />
			<object id="octogon2"/>
			<gap width="320" />				
		</track>
		<track weight="1">
			<object id="marker" />
			<gap width="600" />
			<object id="sqdots_circle2" />		
			<gap width="800" />
		</track>    
		<track weight="1">
			<object id="marker" />
			<gap width="600" />
			<object id="sqdots1" />			
			<gap width="600" />
		</track>
	</level>
	<level id="175" gap="0" length="1">
		<track weight="1">
			<object id="marker" excluded="bl,red"/>
			<gap width="320" />
			<object id="square_blocks3"/>
			<gap width="320" />	
		</track>
		<track weight="1">
			<object id="marker" excluded="bl,red"/>
			<gap width="320" />
			<object id="square_blocks4"/>
			<gap width="320" />	
		</track>
		<track weight="1">
			<object id="marker" />
			<gap width="320" />
			<object id="sun5"/>
			<gap width="320" />	
		</track>
    </level>
	<level id="176" gap="0" length="9999">
		<track weight="1">
			<object id="marker"/>
			<gap width="320" />
			<object id="octogon2"/>
			<gap width="320" />				
		</track>
		<track weight="1">
			<object id="marker" />
			<gap width="320" />
			<object id="circle1"/>
			<gap width="320" />				
		</track>
		<track weight="1">
			<object id="marker" excluded="red,yell"/>
			<gap width="320" />
			<object id="2circle2"/>
			<gap width="320" />	
		</track>
		<track weight="1">
			<object id="marker"/>
			<gap width="320" />
			<object id="s_cross" />
			<gap width="320" />
		</track>
		<track weight="1">
			<object id="marker" excluded="bl,vi"/>
			<gap width="600" />
			<object id="tripple_cross1"/>
			<gap width="600" />	
		</track>
		<track weight="1">
			<object id="marker"/>
			<gap width="320" />
			<object id="v_line2" />
			<gap width="320" />
		</track>
		<track weight="1">
			<object id="marker" excluded="bl"/>
			<gap width="320" />
			<object id="single_segment_circle1"/>
			<gap width="320" />	
		</track>
		<track weight="1">
			<object id="marker" />
			<gap width="320" />
			<object id="circle1"/>
			<gap width="320" />				
		</track>
		<track weight="1">
			<object id="marker" excluded="red,yell"/>
			<gap width="320" />
			<object id="2circle3"/>
			<gap width="320" />
		</track>
		<track weight="1">
			<object id="marker" excluded="vi,yell"/>
			<gap width="320" />
			<object id="dots_cross1"/>
			<gap width="320" />	
		</track>    
		<track weight="1">
			<object id="marker" excluded="vi"/>
			<gap width="320" />
			<object id="line_blocks5"/>
			<gap width="320" />	
		</track>
		<track weight="1">
			<object id="marker" excluded="bl,vi"/>
			<gap width="600" />
			<object id="double_circle_dots1"/>
			<gap width="600" />
		</track>    
		<track weight="1">
			<object id="marker" excluded="bl,red"/>
			<gap width="320" />
			<object id="dots_cross2"/>
			<gap width="320" />	
		</track>
		<track weight="1">
			<object id="marker" />
			<gap width="320" />
			<object id="circle1"/>
			<gap width="320" />				
		</track>
		<track weight="1">
			<object id="marker" excluded="bl"/>
			<gap width="320" />
			<object id="double_sigmoid_dots3"/>
			<gap width="320" />	
		</track> 
		<track weight="1">
			<object id="marker" />
			<gap width="320" />
			<object id="circle1"/>
			<gap width="320" />				
		</track>
		<track weight="1">
			<object id="marker"/>
			<gap width="320" />
			<object id="eight1" />
			<gap width="320" />
		</track>    
		<track weight="1">
			<object id="marker" />
			<gap width="600" />
			<object id="sqdots3"/>
			<gap width="600" />
		</track>
		<track weight="1">
			<object id="marker" excluded="vi"/>
			<gap width="320" />
			<object id="sigmoid_dots2"/>
			<gap width="320" />	
		</track>  
		<track weight="1">
			<object id="marker" excluded="red"/>
			<gap width="400" />
			<object id="triangle_blocks1"/>
			<gap width="400" />				
		</track>
		<track weight="1">
			<object id="marker" />
			<gap width="600" />
			<object id="blocks_shifting1"/>
			<gap width="600" />
		</track>
		<track weight="1">
			<object id="marker" />
			<gap width="320" />
			<object id="circle1"/>
			<gap width="320" />				
		</track>		
		<track weight="1">
			<object id="marker" />
			<gap width="320" />
			<object id="sqdots2"/>
			<gap width="600" />			
		</track>
		<track weight="1">
			<object id="marker" />
			<gap width="600" />
			<object id="double_cross_in_circle1"/>
			<gap width="600" />				
		</track>
		<track weight="1">
			<object id="marker" />
			<gap width="320" />
			<object id="circle1"/>
			<gap width="320" />				
		</track>
		<track weight="1">
			<object id="marker" excluded="bl,red"/>
			<gap width="320" />
			<object id="hexagon2"/>
			<gap width="320" />	
		</track>
		<track weight="1">
			<object id="marker"/>
			<gap width="800" />
			<object id="gun7"/>
			<gap width="800" />	
		</track>
		
		<track weight="1">
			<object id="marker" excluded="red,yell"/>
			<gap width="320" />
			<object id="double_cross2"/>
			<gap width="320" />	
		</track> 
		<track weight="1">
			<object id="marker" excluded="bl,red"/>
			<gap width="320" />
			<object id="hexagon4"/>
			<gap width="320" />	
		</track> 
		<track weight="1">
			<object id="marker" excluded="bl,red"/>
			<gap width="320" />
			<object id="hexagon6"/>
			<gap width="320" />	
		</track> 
		<track weight="1">
			<object id="marker" />
			<gap width="320" />
			<object id="octogon4"/>
			<gap width="320" />	
		</track>
		<track weight="1">
			<object id="marker" />
			<gap width="320" />
			<object id="simple_cross2"/>
			<gap width="320" />	
		</track>
		<track weight="1">
			<object id="marker" />
			<gap width="320" />
			<object id="simple_cross_dots1"/>
			<gap width="320" />	
		</track>
		<track weight="1">
			<object id="marker" excluded="vi,yell"/>
			<gap width="320" />
			<object id="cube_dots3"/>
			<gap width="320" />	
		</track>
		<track weight="1">
			<object id="marker" />
			<gap width="320" />
			<object id="line_dots1"/>
			<gap width="320" />	
		</track>
		<track weight="1">
			<object id="marker" excluded="bl,vi"/>
			<gap width="320" />
			<object id="double_dots_cross1"/>
			<gap width="320" />	
		</track>
		<track weight="1">
			<object id="marker" excluded="bl,red"/>
			<gap width="320" />
			<object id="dots_cross3"/>
			<gap width="320" />	
		</track>
		<track weight="1">
			<object id="marker" excluded="vi,yell"/>
			<gap width="320" />
			<object id="dots_cross4"/>
			<gap width="320" />	
		</track>
		<track weight="1">
			<object id="marker" />
			<gap width="700" />
			<object id="sun3"/>
			<gap width="700" />	
		</track>
    </level> 
</levels>