{ "ver":1,"langs":[{"lang":"en","name":"text_en"},{"lang":"de","name":"text_de"},{"lang":"ru","name":"text_ru"}],"platform":[{"name":"default","urls":[{"id":20,"url":"http://apps.absolutist.com/petbox/conf_pet.xml"}]}],"textInfo":[{"id":0,"sysID":3},{"id":1,"sysID":4},{"id":2,"sysID":5},{"id":3,"sysID":6},{"id":4,"sysID":7},{"id":5,"sysID":8},{"id":6,"sysID":9},{"id":7,"sysID":10},{"id":8,"sysID":11},{"id":9,"sysID":12},{"id":10,"sysID":13},{"id":11,"sysID":14},{"id":12,"sysID":15},{"id":13,"sysID":16},{"id":14,"sysID":17},{"id":15,"sysID":18},{"id":16,"sysID":19},{"id":17,"sysID":20},{"id":18,"sysID":21},{"id":19,"sysID":22}]}