{"translates":[{"id":0,"w":"Load configuration"},{"id":1,"w":"Load project"},{"id":2,"w":"Initialise screens"},{"id":3,"w":"Load resources"},{"id":4,"w":"Downloading updates"},{"id":5,"w":"Extracting updates"},{"id":6,"w":"Loading atlases"},{"id":7,"w":"Loading sounds"},{"id":8,"w":"Loading videos"},{"id":9,"w":"Load error"},{"id":10,"w":"Download updates error"},{"id":11,"w":"Not enough space on file system. Please free up %dMB and press &quot;Retry&quot;"},{"id":12,"w":"Close"},{"id":13,"w":"Retry"},{"id":14,"w":"Oops! Something went wrong"},{"id":15,"w":"Oops! Extracting updates error"},{"id":16,"w":"Oops! Downloading updates error"},{"id":17,"w":"Details will be sent to the support team. Sorry for the inconvenience."},{"id":18,"w":"Server connection error"},{"id":19,"w":"Please check internet connection and press &quot;Retry&quot;"},{"id":33,"w":"Time's up.| | $c0xFFFFFFFF Would you like to have more time to continue playing?"},{"id":34,"w":"You are out of turns.| | $c0xFFFFFFFF Would you like to get 5 more turns to continue playing?"},{"id":35,"w":"$c0xfffed200 I tried, but I failed| | $c0xFFFFFFFF Would you like to start where you stopped?# $c0xfffed200 Gravitation is not one to be trifled with| | $c0xFFFFFFFF Would you like to start where you stopped?# $c0xfffed200 Someone clipped my wings| | $c0xFFFFFFFF Would you like to start where you stopped?# $c0xfffed200 Oops... I flew away)| | $c0xFFFFFFFF Would you like to start where you stopped?"},{"id":36,"w":"Something went wrong| | $c0xFFFFFFFF Would you like to pick up where you left off?"},{"id":37,"w":"add_price"},{"id":314,"w":"LEADERS"},{"id":315,"w":"CHANGE NAME"},{"id":316,"w":"Enter your name:"},{"id":317,"w":"LANGUAGE"},{"id":318,"w":"English"},{"id":319,"w":"German"},{"id":320,"w":"Russian"},{"id":321,"w":"Best result"},{"id":322,"w":"TAP TO RESTART"},{"id":323,"w":"Your score"},{"id":324,"w":"TAP TO PLAY"},{"id":325,"w":"Continue"},{"id":326,"w":"New record"},{"id":327,"w":"Boxie fell down"}]}