{"translates":[{"id":0,"w":"Загрузка конфигурации"},{"id":1,"w":"Загрузка проекта"},{"id":2,"w":"Инициализация экранов"},{"id":3,"w":"Загрузка ресурсов"},{"id":4,"w":"Загрузка обновления"},{"id":5,"w":"Распаковка обновления"},{"id":6,"w":"Загрузка атласов"},{"id":7,"w":"Загрузка звуков"},{"id":8,"w":"Загрузка видео"},{"id":9,"w":"Ошибка загрузки"},{"id":10,"w":"Ошибка загрузки обновления"},{"id":11,"w":"Недостаточно свободного места на диске. Пожалуйста освободите %dМб и нажмите &quot;Повторить&quot;"},{"id":12,"w":"Закрыть "},{"id":13,"w":"Повторить"},{"id":14,"w":"Упсс. Что-то пошло не так."},{"id":15,"w":"Упсс. Ошибка распаковки обновления"},{"id":16,"w":"Упсс.  Ошибка загрузки обновления"},{"id":17,"w":"Отчет будет отправлен в службу поддержки. Извините за неудобства."},{"id":18,"w":"Ошибка подключения к серверу"},{"id":19,"w":"Пожалуйста проверьте подключение к интернету. После нажмите &quot;Повторить&quot;"},{"id":33,"w":"Время вышло| | $c0xFFFFFFFF Хочешь добавить ещё время и продолжить играть?"},{"id":34,"w":"Ходы закончились| | $c0xFFFFFFFF Хочешь добавить ещё 5 ходов и продолжить играть?"},{"id":35,"w":"$c0xfffed200 Не долетел, но старался| | $c0xFFFFFFFF Хочешь продолжить играть с этого места?#$c0xfffed200 С гравитацией шутки плохи| | $c0xFFFFFFFF Хочешь продолжить играть с этого места?# $c0xfffed200 Улетел. Но обещал вернуться| | $c0xFFFFFFFF Хочешь продолжить играть с этого места?#$c0xfffed200 Ой... Улетел, но не туда)| | $c0xFFFFFFFF Хочешь продолжить играть с этого места?"},{"id":36,"w":"Что-то пошло не так| | $c0xFFFFFFFF Хочешь продолжить играть с этого места?"},{"id":37,"w":"add_price"},{"id":314,"w":"ЛИДЕРЫ"},{"id":317,"w":"ЯЗЫК"},{"id":318,"w":"Английский"},{"id":319,"w":"Немецкий"},{"id":320,"w":"Русский"},{"id":321,"w":"Рекорд"},{"id":322,"w":"ПЕРЕИГРАТЬ"},{"id":323,"w":"Ваши очки"},{"id":324,"w":"ИГРАТЬ"},{"id":325,"w":"Продолжить"},{"id":326,"w":"Новый рекорд"},{"id":327,"w":"Боксик упал"}]}