{"translates":[{"id":0,"w":"Konfigiration wird geladen"},{"id":1,"w":"Projekt wird geladen"},{"id":2,"w":"Bildschirme werden initialisiert"},{"id":3,"w":"Ressourcen werden geladen"},{"id":4,"w":"Updates werden geladen"},{"id":5,"w":"Update wird entpackt"},{"id":6,"w":"Grafik wird geladen"},{"id":7,"w":"Töne werden geladen"},{"id":8,"w":"Videos werden geladen"},{"id":9,"w":"Fehler beim Laden"},{"id":10,"w":"Fehler beim Laden des Updates"},{"id":11,"w":"Nicht genug Speicherplatz. Bitte %dMb frei machen und &quot;Wiederholen&quot; antippen."},{"id":12,"w":"Schließen"},{"id":13,"w":"Wiederholen"},{"id":14,"w":"Oops! Etwas ist schief gelaufen."},{"id":15,"w":"Oops! Fehler beim Entpacken des Updates"},{"id":16,"w":"Oops! Fehler beim Laden des Updates"},{"id":17,"w":"Fehlerbericht wird dem Support-Team geschickt. Entschuldigen Sie diese Unannehmlichkeiten."},{"id":18,"w":"Fehler beim Verbinden mit dem Server"},{"id":19,"w":"Bitte Internetverbindung überprüfen und &quot;Wiederholen&quot; antippen."},{"id":33,"w":"Die Zeit ist aus| | $c0xFFFFFFFF Möchtest du mehr Zeit kriegen und das Spiel fortsetzen?"},{"id":34,"w":"Die Züge sind aus| | $c0xFFFFFFFF Möchtest du weitere 5 Züge kriegen und das Spiel fortsetzen?"},{"id":35,"w":"$c0xfffed200 Pech gehabt, aber ich habe mich bemüht| | $c0xFFFFFFFF Möchtest du an dieser Stelle fortfahren?#$c0xfffed200 Gravitation war stärker| | $c0xFFFFFFFF Möchtest du an dieser Stelle fortfahren?# $c0xfffed200 Weggeflogen. Doch ich komme wieder| | $c0xFFFFFFFF Möchtest du an dieser Stelle fortfahren??#$c0xfffed200 Gut geflogen... aber in die falsche Richtung| | $c0xFFFFFFFF Möchtest du an dieser Stelle fortfahren?"},{"id":36,"w":"Etwas ist schief gelaufen| | $c0xFFFFFFFF Möchtest du an dieser Stelle fortfahren?"},{"id":37,"w":"add_price"},{"id":314,"w":"BESTENLISTE"},{"id":317,"w":"SPRACHE"},{"id":318,"w":"Englisch"},{"id":319,"w":"Deutsch"},{"id":320,"w":"Russisch"},{"id":327,"w":"Boxie ist gestürzt."}]}